RS_ID	ALLELE1	ALLELE2	MAF	EFFECT	STANDARD_ERROR	P_VALUE	ODDS_RATIO	BETA	DIRECTION_OF_EFFECT	HWE_CONTROLS	HWE_CASES	HWE_TOTAL_STUDIES	GENOTYPE_COUNTS_CASES	GENOTYPE_COUNTS_CONTROLS	TOTAL_NUMBER_GENOTYPED	GOOD_CLUSTERING	HETISQ	HETPVAL	GENOTYPE_IMPUTED	RSQ	DOSE.B.0	DOSE.B.1	
rs10	a	c	.033	-1.2e-02	1.2e-02	.3211																	
rs1000000	a	g	.274	3.0e-03	4.4e-03	.5052																	
rs10000010	t	c	.446	3.0e-04	3.7e-03	.9311																	
rs10000012	c	g	.146	4.3e-03	5.4e-03	.4268																	
rs10000013	a	c	.167	-1.6e-03	4.3e-03	.7016																	
rs10000017	t	c	.223	-1.8e-03	4.7e-03	.7085																	
rs1000002	t	c	.482	3.8e-03	3.6e-03	.298																	
rs10000023	t	g	.447	-2.7e-03	3.8e-03	.4867																	
rs1000003	a	g	.128	3.6e-03	4.9e-03	.4603																	
rs10000030	a	g	.125	-3.0e-04	5.2e-03	.9484																	
rs10000033	t	c	.46	-6.5e-03	3.8e-03	.08441																	
rs10000036	t	c	.495	6.4e-03	3.7e-03	.08208																	
rs10000037	a	g	.257	-3.5e-03	4.5e-03	.4348																	
rs10000038	t	g	.367	-1.1e-02	4.0e-03	.007419																	
rs10000041	t	g	.115	3.0e-04	5.6e-03	.9517																	
rs10000042	t	c	.042	-4.6e-03	9.8e-03	.6393																	
rs1000005	c	g	.425	6.7e-03	4.3e-03	.1228																	
rs10000056	a	t	.15	-4.5e-03	5.1e-03	.3709																	
rs10000062	c	g	.133	-4.1e-03	5.7e-03	.4669																	
rs10000064	t	c	.483	1.9e-03	3.8e-03	.6231																	
rs10000068	t	c	.229	-2.3e-03	4.5e-03	.6088																	
rs1000007	t	c	.305	3.7e-03	4.2e-03	.378																	
rs10000075	t	c	.071	-1.1e-02	8.4e-03	.1917																	
rs10000076	t	g	.008	-3.5e-02	3.0e-02	.2548																	
rs10000081	t	c	.239	5.5e-03	4.3e-03	.1966																	
rs10000082	t	c	.045	2.1e-03	8.0e-03	.7885																	
rs10000088	t	g	.142	-3.1e-03	4.8e-03	.5106																	
rs10000092	t	c	.305	-1.0e-03	4.1e-03	.7991																	
rs10000100	a	g	.033	-1.2e-02	7.9e-03	.1209																	
rs10000101	a	c	.049	-8.5e-03	7.8e-03	.2749																	
rs10000103	a	t	0	1.8e-02	2.6e-02	.4776																	
rs10000109	a	t	.067	8.6e-03	7.2e-03	.2334																	
rs10000111	a	g	.009	6.9e-03	1.2e-02	.5492																	
rs10000119	t	c	.013	2.2e-02	3.7e-02	.5384																	
rs1000012	a	c	.233	6.0e-03	4.5e-03	.181																	
rs10000121	a	g	.45	-1.9e-03	3.8e-03	.6056																	
rs10000124	a	c	.098	-8.5e-03	7.0e-03	.2219																	
rs1000013	t	c	.026	-1.2e-02	7.5e-03	.1143																	
rs10000132	t	c	.243	-3.0e-03	5.1e-03	.5499																	
rs10000136	a	g	.025	-1.4e-02	1.1e-02	.2074																	
rs10000137	t	g	.461	-3.0e-04	3.8e-03	.9275																	
rs10000139	t	c	.458	2.0e-03	3.6e-03	.5852																	
rs1000014	a	g	.173	7.4e-03	4.9e-03	.1304																	
rs10000140	t	c	.271	3.0e-04	4.1e-03	.9491																	
rs10000141	a	g	.14	-3.5e-03	6.1e-03	.5693																	
rs10000148	t	c	.018	7.5e-03	1.3e-02	.5624																	
rs10000154	a	g	.314	-1.5e-03	4.0e-03	.7095																	
rs10000159	a	g	.203	-2.2e-03	4.1e-03	.5927																	
rs1000016	a	g	.075	-1.4e-02	7.4e-03	.06641																	
rs10000168	a	g	.192	-4.1e-03	4.4e-03	.3495																	
rs10000169	t	c	.205	-4.0e-03	4.4e-03	.3581																	
rs1000017	a	c	.434	-8.2e-03	3.6e-03	.02484																	
rs10000171	a	t	.339	3.8e-03	3.8e-03	.3281																	
rs10000174	a	c	.458	-1.3e-03	3.8e-03	.7331																	
rs1000018	a	t	.35	-5.0e-04	3.9e-03	.8913																	
rs10000180	a	g	.27	-5.0e-03	4.2e-03	.2421																	
rs10000181	a	c	.173	3.5e-03	4.6e-03	.4472																	
rs10000182	a	g	.04	-1.3e-02	8.9e-03	.1498																	
rs10000185	t	c	.111	-1.3e-02	6.9e-03	.0562																	
rs10000190	t	c	.025	6.9e-03	8.7e-03	.4277																	
rs10000191	a	g	.008	-1.5e-02	2.5e-02	.5514																	
rs10000192	a	g	.009	6.1e-03	1.7e-02	.7187																	
rs10000193	a	g	.095	-9.9e-03	5.9e-03	.09537																	
rs10000200	a	c	.225	2.0e-03	4.3e-03	.6471																	
rs10000201	a	g	.411	5.0e-04	3.9e-03	.8981																	
rs10000202	a	c	.373	6.7e-03	3.7e-03	.0679																	
rs10000203	c	g	.053	1.3e-02	7.0e-03	.06512																	
rs10000205	t	c	.341	-1.8e-03	4.1e-03	.6643																	
rs10000207	t	c	.275	5.9e-03	4.0e-03	.142																	
rs1000021	c	g	.325	6.1e-03	4.0e-03	.1276																	
rs10000219	a	g	.394	-3.0e-04	3.9e-03	.9284																	
rs1000022	t	c	.394	-7.0e-03	4.1e-03	.08762																	
rs10000221	t	g	.067	-3.3e-03	8.6e-03	.7034																	
rs10000226	t	c	.119	-3.9e-03	6.1e-03	.5189																	
rs1000023	c	g	.181	5.1e-03	4.9e-03	.3025																	
rs10000235	a	t	.261	4.5e-03	4.9e-03	.3596																	
rs10000236	t	g	.25	-3.1e-03	5.1e-03	.5386																	
rs1000024	c	g	.084	-5.3e-03	6.8e-03	.433																	
rs10000241	t	g	.248	-1.3e-03	4.3e-03	.7632																	
rs10000245	a	g	.018	1.4e-02	1.3e-02	.281																	
rs1000025	t	c	.288	-1.0e-04	4.5e-03	.9812																	
rs10000250	a	g	.137	-2.6e-03	5.4e-03	.6366																	
rs10000251	t	g	.017	-7.4e-03	1.7e-02	.6566																	
rs10000252	t	c	.034	1.4e-02	1.1e-02	.2192																	
rs1000026	t	c	.28	-3.3e-03	4.1e-03	.4204																	
rs10000266	t	c	.354	4.8e-03	4.6e-03	.3012																	
rs10000268	a	t	.156	-6.1e-03	5.4e-03	.2635																	
rs1000027	t	g	.133	-1.1e-02	6.0e-03	.06776																	
rs10000272	t	c	.062	1.4e-02	8.4e-03	.09919																	
rs10000280	c	g	.383	9.0e-04	3.8e-03	.8206																	
rs10000282	t	c	.062	4.5e-03	6.4e-03	.4812																	
rs10000285	a	g	.35	-3.9e-03	3.6e-03	.2858																	
rs10000286	a	g	.199	-4.7e-03	4.3e-03	.2775																	
rs10000289	a	t	.04	-5.4e-03	1.8e-02	.7592																	
rs10000291	t	c	.341	2.8e-03	3.8e-03	.4503																	
rs10000300	t	g	.401	6.5e-03	5.3e-03	.2194																	
rs10000307	t	c	.25	4.9e-03	4.7e-03	.2945																	
rs1000031	a	g	.301	2.5e-03	4.1e-03	.5358																	
rs10000313	a	c	.018	-5.4e-02	2.5e-02	.03569																	
rs10000318	c	g	.305	3.2e-03	4.2e-03	.4476																	
rs10000319	a	g	.42	-3.1e-03	3.7e-03	.4113																	
rs1000032	t	g	.159	4.6e-03	5.9e-03	.4301																	
rs10000320	t	g	.491	4.0e-03	3.7e-03	.2776																	
rs10000325	t	c	.062	-3.4e-03	7.9e-03	.6697																	
rs10000339	t	c	.317	5.4e-03	4.1e-03	.1804																	
rs10000348	t	g	.192	6.5e-03	4.4e-03	.1425																	
rs10000355	a	c	.377	2.1e-03	3.9e-03	.5908																	
rs10000358	a	g	.376	5.4e-03	3.8e-03	.1572																	
rs1000036	a	g	.017	1.4e-02	3.4e-02	.6838																	
rs10000362	c	g	.076	-1.7e-03	7.0e-03	.8081																	
rs10000363	a	t	.102	-9.0e-04	5.2e-03	.859																	
rs10000368	a	g	.446	-3.0e-04	3.7e-03	.9277																	
rs10000369	c	g	.025	6.0e-04	8.2e-03	.9431																	
rs10000370	a	g	.225	-5.9e-03	4.5e-03	.1951																	
rs10000378	t	c	.492	3.2e-03	3.6e-03	.371																	
rs10000385	t	g	.317	3.0e-04	4.2e-03	.9335																	
rs10000388	t	c	.425	-2.8e-03	3.7e-03	.4559																	
rs1000039	t	g	.027	9.8e-03	1.1e-02	.3655																	
rs10000399	c	g	.224	5.0e-04	4.2e-03	.9005																	
rs1000040	a	g	.252	-1.6e-03	4.2e-03	.6953																	
rs10000404	t	c	.124	2.5e-03	5.2e-03	.6246																	
rs10000405	t	c	.108	6.0e-03	6.3e-03	.3427																	
rs10000407	a	c	.35	-7.6e-03	3.9e-03	.05268																	
rs1000041	t	c	.013	-1.3e-03	1.1e-02	.9086																	
rs10000416	a	g	.175	2.2e-03	5.8e-03	.7054																	
rs1000042	t	c	.317	6.8e-03	3.8e-03	.07494																	
rs10000421	a	c	.425	4.1e-03	3.8e-03	.2771																	
rs10000422	a	t	.241	1.2e-03	4.8e-03	.7966																	
rs10000428	a	g	.336	-8.0e-04	3.8e-03	.8391																	
rs1000043	t	c	.277	8.9e-03	4.0e-03	.02684																	
rs10000431	t	c	.132	-6.0e-04	5.5e-03	.909																	
rs10000432	t	c	.412	-9.4e-03	3.9e-03	.01655																	
rs10000435	t	c	.385	-2.4e-03	3.9e-03	.5356																	
rs10000438	t	c	.319	-7.3e-03	3.9e-03	.0652																	
rs1000044	t	c	.317	6.5e-03	3.8e-03	.08489																	
rs10000442	a	c	.36	-1.0e-04	3.9e-03	.9752																	
rs10000443	t	c	.067	1.6e-02	8.6e-03	.05908																	
rs10000455	t	c	.152	4.0e-04	4.4e-03	.926																	
rs10000456	t	c	.186	-3.0e-04	4.8e-03	.9547																	
rs10000467	t	g	.246	1.8e-03	4.2e-03	.666																	
rs1000047	t	c	.308	-3.8e-03	3.8e-03	.323																	
rs10000471	t	c	.407	4.8e-03	3.8e-03	.2113																	
rs10000472	a	t	.283	2.9e-03	4.0e-03	.465																	
rs10000481	c	g	.018	-9.2e-03	2.1e-02	.6598																	
rs10000485	a	g	.2	2.6e-03	4.4e-03	.55																	
rs10000486	a	g	.281	-4.9e-03	4.0e-03	.22																	
rs10000487	a	g	.115	3.6e-03	6.1e-03	.5581																	
rs10000490	a	g	.183	-5.2e-03	4.7e-03	.273																	
rs10000494	a	g	.108	1.1e-02	5.4e-03	.04356																	
rs10000497	a	g	.336	1.4e-03	4.0e-03	.7266																	
rs1000050	t	c	.124	4.4e-03	5.6e-03	.4349																	
rs10000500	t	g	.124	2.5e-03	5.2e-03	.6355																	
rs10000502	t	g	.354	3.2e-03	3.8e-03	.4059																	
rs10000506	a	g	.345	-8.6e-03	3.9e-03	.02589																	
rs10000511	t	c	.405	1.6e-03	3.7e-03	.6538																	
rs10000512	a	c	.133	-2.3e-03	4.6e-03	.6202																	
rs10000516	a	t	.008	-2.0e-02	1.6e-02	.2104																	
rs10000518	a	g	.031	1.6e-03	9.1e-03	.8569																	
rs10000520	t	c	.427	4.1e-03	3.8e-03	.2761																	
rs10000528	a	g	.033	8.8e-03	1.3e-02	.4889																	
rs1000053	t	c	.066	1.3e-03	7.0e-03	.8467																	
rs10000531	a	c	.115	1.2e-03	6.3e-03	.8481																	
rs10000534	t	c	.464	9.0e-04	3.9e-03	.82																	
rs10000535	a	g	.208	3.6e-03	4.3e-03	.4039																	
rs10000538	t	c	.283	3.3e-03	4.1e-03	.4302																	
rs1000054	a	g	.375	-3.9e-03	3.9e-03	.3142																	
rs10000541	c	g	.033	-2.3e-03	1.6e-02	.883																	
rs10000543	t	c	.142	2.1e-03	5.2e-03	.6826																	
rs10000545	c	g	.158	-4.5e-03	5.1e-03	.3803																	
rs1000055	a	g	.465	-1.1e-03	4.0e-03	.7747																	
rs10000553	t	c	.224	-4.5e-03	4.4e-03	.3067																	
rs10000555	t	c	.146	1.9e-03	5.6e-03	.7352																	
rs10000557	a	g	.009	-9.2e-03	7.5e-03	.2183																	
rs10000558	a	t	.193	-1.5e-03	4.9e-03	.7656																	
rs1000057	c	g	.388	2.8e-03	4.4e-03	.5195																	
rs10000570	a	g	.067	-3.5e-03	8.4e-03	.6737																	
rs10000571	t	c	.181	4.1e-03	4.6e-03	.3775																	
rs10000573	c	g	.358	-1.6e-03	3.7e-03	.675																	
rs1000058	a	c	.071	-5.4e-03	8.2e-03	.514																	
rs10000583	a	g	.362	2.1e-03	4.1e-03	.611																	
rs10000584	a	c	.043	1.1e-02	7.4e-03	.1547																	
rs1000059	t	g	.075	1.3e-03	7.5e-03	.8638																	
rs10000593	t	c	.008	-2.0e-02	1.8e-02	.2704																	
rs10000595	a	c	.115	3.1e-03	6.2e-03	.6128																	
rs10000597	a	g	.008	-4.5e-03	1.8e-02	.7951																	
rs10000598	a	c	.19	-4.0e-04	8.6e-03	.9641																	
rs10000606	a	g	.436	-7.0e-04	3.8e-03	.8459																	
rs10000609	a	g	.031	2.1e-02	1.5e-02	.1506																	
rs1000061	a	g	.412	5.3e-03	3.8e-03	.1633																	
rs10000610	a	g	.398	3.7e-03	3.7e-03	.3225																	
rs10000623	t	c	.425	2.8e-03	3.7e-03	.4498																	
rs10000625	t	c	.058	1.2e-02	6.5e-03	.0615																	
rs10000627	a	t	.079	1.8e-03	7.1e-03	.7992																	
rs10000631	t	c	.052	-3.4e-03	6.2e-03	.5806																	
rs10000636	a	t	.478	-9.0e-04	3.7e-03	.8027																	
rs10000644	c	g	.267	-4.7e-03	4.1e-03	.2449																	
rs10000645	a	t	.025	-1.0e-02	1.0e-02	.3094																	
rs10000652	a	t	.431	3.1e-03	3.8e-03	.4211																	
rs10000655	c	g	.049	1.4e-02	7.8e-03	.07977																	
rs10000659	t	c	.043	5.2e-03	7.7e-03	.4983																	
rs10000663	t	c	.4	-4.0e-04	3.9e-03	.9155																	
rs10000666	a	c	.067	3.1e-03	7.0e-03	.6636																	
rs10000668	t	c	.067	5.1e-03	6.2e-03	.4128																	
rs10000669	a	g	.333	2.2e-03	4.5e-03	.6239																	
rs10000670	a	t	.05	-4.6e-03	8.8e-03	.6035																	
rs10000671	t	c	.017	9.8e-03	1.4e-02	.4767																	
rs10000679	t	g	.033	-2.6e-02	1.9e-02	.1741																	
rs1000068	t	c	.31	6.6e-03	4.3e-03	.1271																	
rs10000695	a	g	.483	-3.0e-03	4.3e-03	.4896																	
rs10000697	t	c	.412	1.6e-03	3.8e-03	.668																	
rs10000702	a	g	.41	-5.5e-03	3.9e-03	.1553																	
rs10000708	t	g	.362	2.0e-03	3.7e-03	.6004																	
rs1000071	a	c	.107	7.0e-04	6.0e-03	.9061																	
rs10000719	t	c	.115	-8.0e-04	5.7e-03	.8948																	
rs10000723	a	g	.136	-1.0e-04	5.4e-03	.9886																	
rs10000726	a	g	.268	2.1e-03	4.4e-03	.6391																	
rs1000073	a	g	.35	6.4e-03	3.9e-03	.09614																	
rs10000730	t	c	.075	-8.0e-04	6.7e-03	.9027																	
rs10000744	a	t	.25	3.8e-03	4.3e-03	.3724																	
rs10000746	a	t	.241	-5.7e-03	4.0e-03	.1576																	
rs10000747	a	g	.088	-5.3e-03	7.3e-03	.4639																	
rs10000748	t	c	.164	4.7e-03	5.4e-03	.3829																	
rs1000075	t	c	.358	3.2e-03	3.8e-03	.4007																	
rs10000761	t	c	.008	1.5e-02	2.2e-02	.4951																	
rs10000765	a	c	.083	8.3e-03	7.6e-03	.2764																	
rs1000077	c	g	.482	-9.0e-04	3.7e-03	.805																	
rs10000770	t	c	.098	-7.0e-04	5.9e-03	.8996																	
rs10000775	t	c	.482	2.4e-03	3.7e-03	.5169																	
rs10000779	a	g	.172	7.8e-03	5.2e-03	.1333																	
rs1000078	a	g	.332	6.1e-03	3.9e-03	.12																	
rs10000782	a	g	.383	3.2e-03	3.8e-03	.397																	
rs10000785	t	g	.304	-2.5e-03	4.1e-03	.5494																	
rs1000079	t	c	.124	7.7e-03	6.1e-03	.2093																	
rs10000796	a	t	.11	-3.2e-03	6.6e-03	.6234																	
rs10000799	a	t	.286	5.0e-04	4.1e-03	.9067																	
rs1000080	c	g	.299	1.8e-03	4.2e-03	.6677																	
rs10000801	a	t	.169	4.6e-03	4.6e-03	.3197																	
rs10000807	a	g	.044	-1.5e-02	8.8e-03	.09558																	
rs1000081	a	g	.275	7.0e-04	4.1e-03	.8643																	
rs10000811	t	c	.3	-2.0e-04	3.7e-03	.9562																	
rs10000816	a	t	.3	-2.2e-03	4.1e-03	.5811																	
rs1000082	a	g	.083	-7.3e-03	6.5e-03	.2648																	
rs10000820	a	g	.155	9.3e-03	4.7e-03	.04807																	
rs10000824	a	t	.05	4.4e-03	8.2e-03	.5932																	
rs1000083	t	c	.094	-6.0e-03	7.0e-03	.3852																	
rs10000836	t	c	.408	2.9e-03	3.6e-03	.4289																	
rs10000839	t	c	.4	-1.1e-03	3.7e-03	.7634																	
rs10000840	t	c	.406	-4.9e-03	3.8e-03	.1908																	
rs10000845	a	c	.053	-7.4e-03	7.9e-03	.3487																	
rs1000085	c	g	.208	-5.2e-03	4.3e-03	.2266																	
rs10000850	a	t	.283	1.0e-03	3.9e-03	.7968																	
rs10000852	t	g	.129	-1.0e-03	6.0e-03	.8693																	
rs10000856	t	c	.31	-4.1e-03	4.0e-03	.3061																	
rs10000862	a	c	.129	-1.6e-03	7.9e-03	.8376																	
rs10000864	t	g	.292	6.0e-03	3.9e-03	.1194																	
rs10000867	t	g	.4	-3.1e-03	3.7e-03	.3985																	
rs10000869	a	g	.186	-8.2e-03	4.3e-03	.05576																	
rs1000087	t	c	.49	-1.0e-04	3.9e-03	.9738																	
rs10000875	t	c	.027	1.1e-02	9.9e-03	.247																	
rs10000891	a	g	.136	-4.8e-03	5.9e-03	.4231																	
rs10000895	a	g	.078	-3.8e-03	5.5e-03	.4877																	
rs10000898	t	c	.02	8.1e-03	7.4e-03	.2724																	
rs10000899	a	g	.017	-7.6e-03	1.7e-02	.6477																	
rs10000901	t	g	.284	2.4e-03	4.0e-03	.5397																	
rs10000905	a	c	.042	-1.2e-02	1.2e-02	.3141																	
rs10000908	t	c	.059	1.1e-02	7.9e-03	.1623																	
rs10000911	t	g	.314	-3.0e-03	3.9e-03	.4363																	
rs10000914	a	g	.05	8.0e-04	1.1e-02	.9382																	
rs10000916	t	c	.356	-1.8e-03	3.8e-03	.6417																	
rs10000918	a	g	.281	2.9e-03	4.1e-03	.4794																	
rs10000929	a	g	.212	8.0e-04	4.5e-03	.8544																	
rs10000933	a	g	.164	-3.0e-04	4.3e-03	.9486																	
rs10000936	a	t	.183	3.3e-03	5.0e-03	.5161																	
rs1000094	a	g	.438	4.0e-04	3.8e-03	.9054																	
rs10000940	t	c	.464	-1.4e-03	3.7e-03	.703																	
rs10000945	a	t	.35	-8.0e-04	3.8e-03	.8388																	
rs10000957	t	c	.088	-4.0e-03	5.5e-03	.463																	
rs10000959	t	c	.112	-5.1e-03	7.4e-03	.4932																	
rs1000096	t	c	.191	-2.2e-03	3.9e-03	.5651																	
rs10000960	t	g	.358	1.6e-03	3.8e-03	.6845																	
rs10000962	a	t	.119	1.1e-03	6.0e-03	.861																	
rs10000963	a	g	.208	-6.7e-03	4.8e-03	.1667																	
rs10000969	a	c	.265	-5.5e-03	4.1e-03	.1829																	
rs1000097	c	g	.025	-1.6e-02	1.3e-02	.228																	
rs10000970	t	c	.017	-1.2e-02	1.2e-02	.3471																	
rs10000981	a	g	.148	3.6e-03	5.5e-03	.5106																	
rs10000984	t	c	.455	5.0e-04	3.7e-03	.9026																	
rs10000988	t	c	.084	1.4e-02	6.4e-03	.03177																	
rs10000989	a	c	.342	1.5e-03	3.9e-03	.7077																	
rs10000992	t	c	.412	5.2e-03	3.9e-03	.1751																	
rs10000995	t	c	.05	1.3e-02	8.8e-03	.1458																	
rs1000100	a	t	.407	0.0e+00	3.8e-03	.9934																	
rs10001004	a	g	.008	-1.8e-02	1.1e-02	.1162																	
rs10001009	t	g	.123	-3.4e-03	6.2e-03	.5887																	
rs10001010	a	g	.138	-4.9e-03	5.8e-03	.4032																	
rs10001013	c	g	.417	1.6e-03	4.0e-03	.6953																	
rs10001014	a	t	.302	-7.0e-04	3.9e-03	.8665																	
rs10001017	a	t	.145	-4.0e-04	4.3e-03	.9195																	
rs10001018	t	c	.075	3.6e-03	5.1e-03	.4758																	
rs10001023	t	c	.246	-6.0e-04	4.2e-03	.8878																	
rs10001028	t	g	.076	-3.9e-03	7.9e-03	.6166																	
rs1000103	a	g	.123	-1.3e-02	6.8e-03	.06475																	
rs10001030	a	g	.186	-1.0e-02	5.0e-03	.04178																	
rs10001034	a	t	.25	-4.3e-03	3.9e-03	.2721																	
rs1000104	t	g	.284	-3.3e-03	4.4e-03	.4452																	
rs10001048	a	t	.366	4.0e-04	3.7e-03	.9242																	
rs1000105	a	c	.275	-2.9e-03	4.1e-03	.4752																	
rs10001054	a	g	.323	-7.7e-03	4.0e-03	.05539																	
rs1000107	t	c	.034	5.2e-03	1.7e-02	.7593																	
rs10001077	t	c	.035	4.4e-03	8.4e-03	.5978																	
rs10001086	c	g	.05	-1.3e-02	7.1e-03	.06525																	
rs1000109	t	c	.305	1.2e-03	3.9e-03	.7656																	
rs10001094	t	c	.242	-5.6e-03	4.3e-03	.1877																	
rs10001095	c	g	.195	-8.2e-03	4.3e-03	.05853																	
rs10001097	a	c	.225	-4.2e-03	4.3e-03	.3266																	
rs10001101	a	g	.25	1.0e-02	4.4e-03	.02109																	
rs10001106	t	c	.314	-2.0e-04	3.8e-03	.9495																	
rs10001109	t	c	.104	-1.3e-02	5.7e-03	.02251																	
rs1000111	a	g	.275	1.3e-03	3.9e-03	.7508																	
rs10001116	a	t	.073	-1.5e-02	5.7e-03	.007343																	
rs1000112	c	g	.092	-3.2e-03	6.6e-03	.6293																	
rs10001126	t	c	.405	-1.3e-03	3.6e-03	.7251																	
rs10001127	t	c	.084	5.4e-03	5.9e-03	.3638																	
rs1000113	t	c	.044	7.9e-03	7.5e-03	.2924																	
rs10001131	t	c	.239	2.0e-04	4.0e-03	.9521																	
rs10001135	t	g	.2	7.4e-03	5.0e-03	.1409																	
rs10001138	a	c	.226	2.0e-03	4.6e-03	.6617																	
rs10001145	t	c	.212	-8.5e-03	5.6e-03	.1255																	
rs10001148	a	g	.389	-1.9e-03	3.8e-03	.6228																	
rs1000115	a	g	.31	-4.4e-03	3.9e-03	.2692																	
rs10001154	t	c	.412	-1.3e-02	4.3e-03	.001738																	
rs10001163	a	t	.252	-1.7e-03	4.1e-03	.6803																	
rs10001169	a	g	.175	6.5e-03	5.0e-03	.1945																	
rs1000117	t	g	.308	-3.4e-03	3.9e-03	.3814																	
rs10001170	t	c	.058	1.2e-02	2.4e-02	.6091																	
rs10001174	a	t	.167	-4.2e-03	4.8e-03	.3753																	
rs10001176	a	c	.042	2.1e-03	8.0e-03	.7948																	
rs10001177	a	g	.018	-1.6e-02	1.1e-02	.1433																	
rs1000118	t	c	.352	-1.5e-03	4.2e-03	.7122																	
rs10001190	a	g	.29	-1.4e-02	3.9e-03	.0004107																	
rs10001193	a	t	.188	-1.9e-03	4.8e-03	.6954																	
rs10001198	a	g	.084	5.0e-03	6.0e-03	.4076																	
rs1000120	t	c	.306	-2.5e-03	4.9e-03	.6104																	
rs10001201	a	g	.292	-4.3e-03	3.9e-03	.2618																	
rs10001203	a	t	.037	9.2e-03	9.1e-03	.3109																	
rs10001209	t	c	.088	-3.8e-03	5.5e-03	.4911																	
rs1000121	t	c	.133	-9.0e-04	5.0e-03	.855																	
rs10001210	t	c	.475	9.0e-04	3.9e-03	.8137																	
rs10001212	a	g	.092	-1.9e-03	6.7e-03	.7818																	
rs10001214	t	c	.274	5.7e-03	4.1e-03	.1592																	
rs1000122	a	g	.133	4.2e-03	6.1e-03	.4918																	
rs10001223	a	g	.217	2.9e-03	5.8e-03	.6252																	
rs10001225	t	c	.429	1.6e-03	3.8e-03	.6708																	
rs10001230	a	g	.217	5.8e-03	4.6e-03	.2043																	
rs10001235	t	g	.042	-3.2e-03	7.0e-03	.6425																	
rs10001236	t	g	.362	3.1e-03	3.8e-03	.4178																	
rs10001237	t	c	.243	-9.3e-03	4.4e-03	.03587																	
rs10001239	t	c	.264	3.8e-03	3.8e-03	.3072																	
rs10001241	t	c	.447	5.2e-03	3.7e-03	.1618																	
rs10001246	t	c	.271	3.9e-03	4.0e-03	.3311																	
rs10001248	a	g	.05	-2.4e-02	1.1e-02	.03215																	
rs10001254	t	c	.291	-4.8e-03	3.9e-03	.2167																	
rs10001261	a	t	.258	-7.6e-03	4.3e-03	.07383																	
rs10001262	t	c	.017	3.9e-03	1.1e-02	.7293																	
rs10001263	a	g	.036	1.3e-03	8.9e-03	.8836																	
rs10001269	a	g	.133	-5.4e-03	6.5e-03	.4037																	
rs1000127	t	c	.228	6.0e-03	4.1e-03	.1392																	
rs10001274	t	c	.257	1.2e-03	4.5e-03	.7827																	
rs10001279	a	g	.112	-1.5e-03	5.6e-03	.7928																	
rs1000128	a	g	.372	-1.6e-03	4.0e-03	.6908																	
rs10001282	c	g	.097	-7.9e-03	6.5e-03	.2274																	
rs1000129	a	g	.225	-6.0e-03	4.8e-03	.2077																	
rs10001290	t	c	.108	-1.1e-02	4.9e-03	.02127																	
rs10001291	a	g	.242	-3.9e-03	4.9e-03	.4266																	
rs10001297	t	c	.31	5.0e-04	3.7e-03	.8861																	
rs1000130	t	g	.31	-2.5e-03	4.2e-03	.5554																	
rs10001300	t	c	.022	3.2e-02	1.3e-02	.01611																	
rs10001305	t	g	.102	-6.7e-03	7.2e-03	.3537																	
rs1000131	t	c	.133	3.0e-04	6.3e-03	.9556																	
rs10001311	c	g	.265	-1.1e-02	4.1e-03	.007652																	
rs10001315	a	g	.456	3.9e-03	3.6e-03	.28																	
rs10001319	a	t	.483	2.5e-03	4.0e-03	.529																	
rs10001320	a	t	.424	-6.0e-04	3.7e-03	.8788																	
rs10001337	t	c	.133	-5.0e-04	5.2e-03	.9236																	
rs10001340	a	c	.142	1.7e-03	5.3e-03	.746																	
rs10001348	a	g	.123	3.4e-03	5.6e-03	.5492																	
rs1000135	t	c	.225	2.0e-04	4.7e-03	.9665																	
rs10001365	a	g	.379	1.2e-02	6.1e-03	.05055																	
rs1000137	t	c	.5	4.9e-03	5.5e-03	.3715																	
rs10001374	a	g	.376	1.5e-03	3.7e-03	.6762																	
rs10001376	a	g	.05	-2.5e-03	8.5e-03	.7718																	
rs10001378	t	c	.423	7.7e-03	3.7e-03	.03926																	
rs10001384	a	g	.208	5.6e-03	4.2e-03	.186																	
rs10001392	t	g	.214	-2.2e-03	4.5e-03	.631																	
rs10001399	a	c	.076	-5.0e-03	6.5e-03	.4471																	
rs1000140	a	g	.451	7.8e-03	3.7e-03	.03447																	
rs10001403	a	t	.042	-8.8e-03	1.4e-02	.5406																	
rs10001408	t	c	.25	5.9e-03	4.3e-03	.1667																	
rs1000141	t	c	.447	1.0e-03	3.7e-03	.7837																	
rs10001410	a	c	.292	2.8e-03	4.2e-03	.5098																	
rs10001412	a	c	.175	-8.0e-04	4.9e-03	.865																	
rs10001415	t	c	.115	0.0e+00	6.3e-03	.9945																	
rs10001417	a	g	.27	-3.8e-03	3.9e-03	.337																	
rs1000142	t	g	.429	4.7e-03	3.8e-03	.2142																	
rs10001420	a	g	.119	-1.5e-03	6.0e-03	.8048																	
rs10001430	t	c	.158	1.5e-02	5.3e-03	.006882																	
rs10001434	a	c	.058	7.9e-03	7.5e-03	.2909																	
rs1000144	t	c	.106	-1.0e-04	6.5e-03	.9914																	
rs10001447	t	c	.35	-4.0e-03	3.8e-03	.2955																	
rs10001448	a	g	.25	-8.0e-04	4.3e-03	.8525																	
rs10001461	a	g	.201	-4.3e-03	5.5e-03	.434																	
rs10001464	t	c	.225	4.2e-03	4.2e-03	.3179																	
rs1000147	a	c	.388	3.0e-03	3.8e-03	.4289																	
rs10001479	t	c	.385	-9.0e-04	3.7e-03	.8112																	
rs10001480	t	c	.18	-6.2e-03	4.9e-03	.2076																	
rs10001483	a	g	.075	2.5e-03	9.1e-03	.7861																	
rs10001487	a	g	.482	1.8e-03	3.7e-03	.6288																	
rs10001493	c	g	.05	1.2e-02	8.9e-03	.1613																	
rs10001494	t	c	.482	-1.4e-03	3.7e-03	.6951																	
rs10001495	a	g	.239	4.4e-03	4.2e-03	.2888																	
rs10001506	a	g	.158	7.6e-03	4.9e-03	.1249																	
rs10001508	t	c	.208	-2.3e-03	4.9e-03	.64																	
rs10001509	a	g	.426	3.6e-03	3.7e-03	.3307																	
rs1000152	t	c	.115	4.9e-03	6.6e-03	.4631																	
rs10001526	t	g	.027	6.1e-03	7.3e-03	.4005																	
rs1000153	t	c	.212	1.6e-03	4.9e-03	.7404																	
rs10001537	t	c	.04	1.9e-03	9.9e-03	.8486																	
rs10001538	a	t	.489	-1.8e-03	5.0e-03	.7128																	
rs10001539	t	c	.066	1.9e-03	6.2e-03	.7643																	
rs1000154	a	g	.205	-2.2e-03	5.0e-03	.6637																	
rs10001540	t	g	.009	-4.0e-02	4.4e-02	.3641																	
rs10001545	a	c	.263	5.2e-03	4.5e-03	.2493																	
rs10001548	t	c	.35	-5.9e-03	4.0e-03	.1414																	
rs10001549	a	g	.025	1.0e-02	1.1e-02	.3577																	
rs1000155	t	g	.042	8.9e-03	2.7e-02	.7456																	
rs10001555	a	t	.382	-1.8e-03	4.0e-03	.6637																	
rs10001558	a	g	.033	7.7e-03	7.4e-03	.2995																	
rs1000156	a	g	.214	-2.7e-03	4.8e-03	.5736																	
rs10001561	a	g	.432	2.0e-04	3.7e-03	.9504																	
rs10001565	t	c	.106	-1.0e-04	6.8e-03	.9872																	
rs10001566	a	g	.462	5.3e-03	4.7e-03	.2596																	
rs10001570	a	t	.24	-7.7e-03	5.1e-03	.1291																	
rs10001577	t	c	.27	-2.1e-03	4.1e-03	.6042																	
rs1000158	a	g	.23	3.7e-03	5.0e-03	.4567																	
rs10001580	a	c	.031	-1.1e-02	1.3e-02	.3924																	
rs10001581	a	g	.092	1.0e-04	6.7e-03	.9892																	
rs10001582	a	c	.482	2.2e-03	3.7e-03	.545																	
rs10001585	a	g	.088	-1.0e-03	5.2e-03	.8452																	
rs10001592	a	g	.08	-1.0e-04	6.8e-03	.9908																	
rs10001597	a	c	.306	6.5e-03	4.1e-03	.1124																	
rs100016	t	c	.283	1.3e-03	4.2e-03	.7626																	
rs1000160	t	c	.487	-8.0e-04	3.6e-03	.8224																	
rs10001607	t	c	.446	-5.0e-03	3.8e-03	.1864																	
rs10001608	t	c	.442	-2.3e-03	3.7e-03	.5316																	
rs10001611	a	g	.183	6.5e-03	5.8e-03	.256																	
rs10001613	a	g	.442	3.6e-03	3.7e-03	.3286																	
rs10001614	t	c	.053	6.9e-03	7.5e-03	.3612																	
rs10001618	t	c	.013	-1.6e-02	1.3e-02	.2182																	
rs10001625	t	c	.125	8.3e-03	6.7e-03	.2175																	
rs10001628	a	g	.327	1.4e-03	3.9e-03	.7223																	
rs10001632	a	c	.017	-2.6e-02	2.1e-02	.2218																	
rs10001638	t	c	.164	-1.1e-02	5.6e-03	.04031																	
rs10001650	t	g	.175	-8.1e-03	4.7e-03	.08319																	
rs10001651	t	c	.283	-2.8e-03	4.5e-03	.5336																	
rs10001657	a	g	.075	1.7e-02	6.5e-03	.007902																	
rs10001658	a	g	.292	6.0e-04	3.9e-03	.8799																	
rs10001661	a	g	.261	-6.1e-03	4.6e-03	.1812																	
rs10001687	a	t	.137	2.9e-03	5.0e-03	.5581																	
rs10001689	t	g	.425	-2.7e-03	3.7e-03	.4609																	
rs10001694	a	g	.142	8.0e-03	6.4e-03	.2162																	
rs10001697	t	g	.408	-8.0e-04	3.7e-03	.8277																	
rs10001703	t	g	.075	-5.3e-03	5.8e-03	.3635																	
rs10001705	a	g	.133	4.9e-03	5.6e-03	.3794																	
rs10001708	a	g	.436	2.2e-03	3.6e-03	.5371																	
rs10001709	t	g	.402	3.0e-03	3.6e-03	.4139																	
rs10001713	a	g	.183	5.6e-03	5.8e-03	.3284																	
rs10001719	t	c	.2	2.6e-03	4.1e-03	.5273																	
rs10001725	t	c	.237	5.0e-04	4.3e-03	.9148																	
rs1000173	a	g	.385	1.5e-03	3.7e-03	.6774																	
rs10001737	a	t	.017	-6.3e-03	1.3e-02	.6256																	
rs1000174	a	g	.376	-6.8e-03	5.1e-03	.1858																	
rs10001742	c	g	.429	-3.6e-03	3.9e-03	.3588																	
rs10001746	t	c	.22	-4.0e-04	4.3e-03	.9187																	
rs1000175	a	g	.034	-3.2e-02	2.3e-02	.1693																	
rs10001751	t	c	.025	2.7e-03	9.2e-03	.7693																	
rs10001753	t	c	.018	-8.4e-03	1.3e-02	.536																	
rs10001754	t	c	.083	3.9e-03	5.5e-03	.4736																	
rs10001755	a	t	.042	-1.5e-02	1.2e-02	.2119																	
rs1000176	a	g	.327	-4.0e-04	4.0e-03	.9196																	
rs10001760	a	g	.286	-2.4e-03	3.9e-03	.5356																	
rs10001762	a	t	.004	2.8e-02	2.6e-02	.2761																	
rs10001765	a	g	.183	6.9e-03	5.8e-03	.2313																	
rs10001771	a	g	.487	2.4e-03	3.7e-03	.5301																	
rs10001776	a	g	.15	-5.8e-03	5.1e-03	.2564																	
rs10001779	a	g	.05	2.5e-03	7.6e-03	.7436																	
rs10001785	a	t	.261	5.9e-03	3.9e-03	.1284																	
rs10001792	a	g	.034	1.5e-02	1.1e-02	.1499																	
rs10001793	t	c	.389	7.0e-04	4.0e-03	.8643																	
rs10001797	a	g	.433	-1.8e-03	3.7e-03	.6348																	
rs10001799	t	c	.009	-7.0e-03	1.6e-02	.6627																	
rs100018	a	g	.042	-2.5e-02	9.6e-03	.008246																	
rs10001800	a	g	.242	4.3e-03	4.3e-03	.3191																	
rs10001803	a	g	.044	-6.3e-03	7.7e-03	.4149																	
rs10001804	a	t	.212	-9.0e-04	4.2e-03	.8323																	
rs10001806	t	g	.345	-1.8e-03	4.0e-03	.6606																	
rs10001812	c	g	.1	-9.5e-03	6.2e-03	.126																	
rs10001814	a	g	.018	-1.7e-02	1.7e-02	.319																	
rs1000182	a	g	.025	1.0e-02	1.0e-02	.3096																	
rs10001827	t	c	.218	1.5e-03	4.3e-03	.7181																	
rs10001829	c	g	.327	1.2e-03	3.7e-03	.7411																	
rs10001834	t	g	.062	1.3e-03	7.8e-03	.8714																	
rs10001837	t	g	.031	2.3e-03	1.0e-02	.8241																	
rs10001840	a	g	.225	4.2e-03	4.3e-03	.3221																	
rs10001845	t	c	.217	-3.8e-03	4.9e-03	.4315																	
rs10001849	t	c	.025	1.5e-02	1.5e-02	.3323																	
rs10001850	t	c	.226	9.0e-04	4.4e-03	.842																	
rs10001851	t	c	.181	1.3e-02	5.0e-03	.00694																	
rs10001852	a	c	.367	2.4e-03	3.9e-03	.543																	
rs10001856	a	t	.068	3.0e-03	6.9e-03	.6662																	
rs10001857	t	c	.181	-3.5e-03	4.6e-03	.4398																	
rs1000186	t	c	.175	-8.0e-03	5.1e-03	.1185																	
rs10001868	a	t	.192	-2.1e-03	4.5e-03	.6428																	
rs10001877	t	c	.429	-6.0e-04	3.7e-03	.872																	
rs1000188	c	g	.417	-2.4e-03	3.8e-03	.5242																	
rs10001880	t	c	.312	1.3e-03	3.8e-03	.7228																	
rs10001884	t	c	.425	2.6e-03	3.7e-03	.4805																	
rs10001894	a	g	.004	-3.9e-03	1.5e-02	.7875																	
rs10001896	t	g	.146	-2.1e-03	4.7e-03	.6555																	
rs10001897	a	g	.438	-3.9e-03	3.7e-03	.2809																	
rs1000190	c	g	.381	4.0e-04	3.8e-03	.9109																	
rs10001900	t	g	.108	-3.7e-03	7.0e-03	.6012																	
rs1000193	a	c	.321	-5.3e-03	4.3e-03	.2117																	
rs10001933	t	c	.128	6.6e-03	5.5e-03	.2346																	
rs10001935	a	g	.067	-3.7e-03	1.1e-02	.7339																	
rs10001944	t	c	.492	4.4e-03	3.8e-03	.2445																	
rs10001945	t	g	.438	-2.0e-04	3.8e-03	.9487																	
rs10001947	c	g	.111	-2.4e-03	6.5e-03	.7141																	
rs1000195	a	t	.093	9.0e-04	6.5e-03	.8958																	
rs10001950	t	g	.412	-3.4e-03	3.8e-03	.36																	
rs10001951	t	c	.15	-9.2e-03	5.2e-03	.07809																	
rs10001961	t	c	.274	-1.1e-03	4.2e-03	.7969																	
rs10001962	a	g	.102	-2.4e-03	6.8e-03	.7245																	
rs10001964	t	c	.446	4.5e-03	3.8e-03	.2348																	
rs10001967	t	c	.167	2.4e-03	5.4e-03	.6539																	
rs10001971	t	c	.042	-1.3e-03	8.5e-03	.8748																	
rs10001972	a	c	.008	7.5e-03	1.3e-02	.5812																	
rs1000198	a	c	.473	1.0e-04	3.7e-03	.9724																	
rs10001981	a	g	.192	-1.9e-03	4.3e-03	.6563																	
rs10001989	a	g	.053	1.8e-02	7.8e-03	.02186																	
rs1000199	a	g	.133	3.8e-03	5.7e-03	.5026																	
rs10001991	t	c	.376	1.4e-03	3.8e-03	.7057																	
rs10001996	a	g	.02	-1.8e-03	1.3e-02	.8874																	
rs10002	a	g	.225	5.8e-03	4.2e-03	.1696																	
rs1000200	t	g	.018	4.9e-03	2.9e-02	.8656																	
rs10002001	t	c	.181	1.0e-02	4.9e-03	.03477																	
rs10002012	t	c	.412	2.8e-03	3.9e-03	.4739																	
rs10002025	a	t	.076	-1.1e-02	8.5e-03	.212																	
rs10002026	t	c	.483	-3.0e-04	3.6e-03	.9411																	
rs10002028	t	c	.491	5.1e-03	3.9e-03	.1933																	
rs1000203	t	c	.054	-4.8e-03	6.4e-03	.4532																	
rs10002035	a	t	.288	-1.0e-04	4.1e-03	.9809																	
rs10002047	a	g	.072	1.4e-02	7.2e-03	.06085																	
rs10002056	a	g	.075	1.4e-03	5.6e-03	.8011																	
rs10002057	a	g	.383	-1.7e-03	4.2e-03	.6855																	
rs10002062	a	g	.033	1.1e-02	1.0e-02	.2815																	
rs10002065	t	c	.035	-1.7e-02	1.1e-02	.1207																	
rs10002068	t	g	.04	3.3e-03	7.5e-03	.6577																	
rs10002079	c	g	.031	1.1e-02	1.1e-02	.3539																	
rs10002082	a	g	.062	3.5e-03	6.8e-03	.613																	
rs10002085	a	g	.15	-3.8e-03	5.6e-03	.4954																	
rs10002086	t	c	.017	2.7e-03	2.9e-02	.924																	
rs10002089	a	g	.128	-4.9e-03	5.6e-03	.3811																	
rs10002090	t	c	.053	1.1e-02	1.2e-02	.3534																	
rs10002097	a	c	.119	-1.0e-02	5.5e-03	.05956																	
rs10002098	a	c	.017	3.3e-03	1.3e-02	.797																	
rs10002106	t	g	.487	7.5e-03	3.6e-03	.03975																	
rs10002107	a	g	.209	-2.6e-03	4.5e-03	.5644																	
rs10002111	a	g	.243	2.1e-03	4.3e-03	.6368																	
rs10002121	a	g	.243	-4.1e-03	4.5e-03	.355																	
rs10002123	a	g	.46	-4.6e-03	3.7e-03	.2147																	
rs10002125	a	g	.075	-3.6e-03	8.4e-03	.6637																	
rs10002129	t	c	.159	-8.4e-03	5.2e-03	.1062																	
rs10002131	a	g	.008	-4.0e-02	3.0e-02	.1838																	
rs1000214	t	g	.138	-4.5e-03	5.1e-03	.3698																	
rs10002140	t	c	.085	1.2e-02	7.7e-03	.1301																	
rs10002142	a	c	.115	-6.2e-03	5.9e-03	.2888																	
rs10002148	c	g	.008	8.1e-03	1.4e-02	.5691																	
rs10002149	a	c	.259	3.2e-03	4.0e-03	.425																	
rs1000215	t	c	.177	-4.0e-03	4.5e-03	.3736																	
rs10002150	t	c	.217	-5.5e-03	4.1e-03	.1791																	
rs10002151	t	c	.125	-7.0e-04	5.3e-03	.8915																	
rs10002156	c	g	.042	1.0e-02	7.5e-03	.1711																	
rs10002158	c	g	.482	-1.0e-03	4.6e-03	.8283																	
rs10002159	t	c	.067	1.8e-03	6.7e-03	.7883																	
rs10002171	t	c	.385	-5.8e-03	4.0e-03	.143																	
rs10002174	a	g	.025	-2.1e-03	1.3e-02	.874																	
rs10002178	a	g	.088	-1.0e-03	5.8e-03	.8574																	
rs10002179	a	g	.062	-8.3e-03	7.2e-03	.2457																	
rs1000218	t	c	.492	2.8e-03	4.9e-03	.5689																	
rs10002181	a	g	.08	-1.1e-02	8.2e-03	.1975																	
rs10002187	a	g	.19	4.6e-03	4.8e-03	.3312																	
rs10002189	a	c	.438	3.5e-03	4.3e-03	.4113																	
rs1000219	t	g	.416	-2.3e-03	5.0e-03	.645																	
rs10002195	a	g	.236	-2.1e-03	4.4e-03	.6405																	
rs10002199	t	g	.35	5.2e-03	3.6e-03	.1541																	
rs1000220	t	c	.429	-5.3e-03	3.8e-03	.164																	
rs10002202	a	g	.194	-7.0e-03	4.7e-03	.1352																	
rs10002203	a	g	.19	-4.3e-03	4.8e-03	.3716																	
rs10002204	a	t	.075	-9.1e-03	7.8e-03	.2418																	
rs10002205	a	g	.367	-1.5e-03	3.9e-03	.7093																	
rs10002207	a	g	.025	1.9e-03	1.7e-02	.9149																	
rs10002209	a	c	.183	-2.1e-03	4.6e-03	.6503																	
rs10002216	t	g	.255	4.0e-04	4.1e-03	.9195																	
rs1000222	a	g	.358	3.1e-03	3.7e-03	.4102																	
rs10002221	a	g	.022	-5.9e-03	2.9e-02	.8379																	
rs10002222	t	c	.127	-9.0e-04	5.9e-03	.8833																	
rs10002224	t	c	.442	-4.0e-04	4.1e-03	.9185																	
rs10002236	t	c	.144	-1.2e-02	5.8e-03	.03827																	
rs10002237	t	c	.098	-6.2e-03	7.7e-03	.4162																	
rs10002239	t	c	.105	8.3e-03	5.4e-03	.1254																	
rs10002243	a	g	.051	4.0e-03	1.4e-02	.7743																	
rs10002244	t	g	.446	2.5e-03	3.8e-03	.507																	
rs10002245	t	c	.4	5.0e-03	3.7e-03	.1702																	
rs10002247	a	g	.415	-4.6e-03	3.8e-03	.2223																	
rs10002248	a	g	.133	-2.5e-03	5.5e-03	.6481																	
rs10002254	a	g	.164	2.0e-03	5.1e-03	.7																	
rs10002259	a	g	.028	-2.6e-03	8.3e-03	.7543																	
rs1000226	t	c	.261	-4.9e-03	4.2e-03	.248																	
rs1000227	a	t	.217	-2.6e-03	4.5e-03	.564																	
rs10002275	a	c	.371	-7.3e-03	3.7e-03	.04763																	
rs10002279	t	g	.152	-5.3e-03	6.0e-03	.3728																	
rs10002281	a	g	.058	-5.0e-03	6.1e-03	.4108																	
rs10002285	t	c	.042	5.9e-03	8.7e-03	.497																	
rs10002286	a	g	.119	2.4e-03	5.8e-03	.68																	
rs10002287	a	g	.025	1.2e-02	3.1e-02	.6899																	
rs1000229	t	c	.2	-2.0e-04	4.3e-03	.9709																	
rs10002297	a	g	.432	4.9e-03	3.7e-03	.1846																	
rs1000230	t	g	.2	1.0e-04	4.3e-03	.9859																	
rs10002303	t	c	.033	-1.9e-02	1.2e-02	.1168																	
rs10002306	t	g	.46	1.7e-03	3.8e-03	.6538																	
rs10002307	a	g	.058	8.9e-03	9.3e-03	.3354																	
rs10002308	a	c	.358	-1.2e-03	3.9e-03	.7515																	
rs1000231	a	g	.173	4.0e-03	4.8e-03	.4056																	
rs10002311	a	c	.207	-5.8e-03	5.4e-03	.283																	
rs10002315	t	c	.305	-1.0e-04	4.5e-03	.9735																	
rs10002317	t	c	.491	-2.9e-03	3.8e-03	.4403																	
rs1000232	t	c	.337	2.6e-03	3.9e-03	.4937																	
rs10002322	t	c	.406	-3.0e-04	4.1e-03	.9457																	
rs10002324	t	c	.041	2.8e-03	1.3e-02	.8253																	
rs10002325	a	g	.027	4.6e-03	1.2e-02	.7005																	
rs10002331	t	g	.127	1.4e-02	6.3e-03	.02255																	
rs10002332	a	g	.164	-2.7e-03	4.9e-03	.5852																	
rs10002336	a	g	.308	1.0e-03	3.9e-03	.7901																	
rs10002339	t	c	.223	1.1e-02	4.4e-03	.01447																	
rs10002340	a	c	.125	0.0e+00	5.7e-03	.9931																	
rs10002345	t	c	.017	-1.8e-03	9.8e-03	.8551																	
rs1000236	t	c	.407	-3.7e-03	4.1e-03	.3626																	
rs10002366	c	g	.404	3.6e-03	4.0e-03	.3717																	
rs1000237	a	t	.375	3.2e-03	3.9e-03	.4134																	
rs10002370	a	g	.133	4.8e-03	5.3e-03	.3576																	
rs1000238	t	c	.408	4.4e-03	3.6e-03	.2221																	
rs10002388	a	g	.155	-1.1e-02	5.4e-03	.03885																	
rs10002392	t	c	.27	-4.6e-03	4.5e-03	.3056																	
rs10002393	t	c	.407	1.3e-03	3.8e-03	.7266																	
rs10002403	t	c	.128	-2.5e-03	5.8e-03	.6606																	
rs10002404	a	g	.469	7.1e-03	3.7e-03	.05696																	
rs10002408	t	c	.075	5.4e-03	7.8e-03	.4938																	
rs1000241	c	g	.458	-3.3e-03	3.7e-03	.3739																	
rs10002410	a	g	.408	-1.6e-03	3.7e-03	.653																	
rs10002416	a	t	.281	4.5e-03	4.3e-03	.2948																	
rs10002420	a	t	.026	1.3e-02	1.1e-02	.2459																	
rs10002424	t	c	.216	-2.6e-03	4.4e-03	.5577																	
rs10002427	t	c	.068	-8.9e-03	8.0e-03	.2656																	
rs10002429	a	t	.365	3.7e-03	4.0e-03	.3564																	
rs10002433	a	g	.164	3.3e-03	5.2e-03	.5242																	
rs10002435	a	g	.093	6.2e-03	6.2e-03	.3166																	
rs10002437	t	c	.133	4.3e-03	5.5e-03	.4393																	
rs10002442	t	c	.067	-3.2e-03	7.3e-03	.6611																	
rs10002448	a	g	.367	-1.7e-03	3.8e-03	.6495																	
rs10002449	t	c	.033	-6.6e-03	9.9e-03	.5035																	
rs10002451	a	g	.21	-4.8e-03	4.6e-03	.294																	
rs10002455	t	c	.088	4.4e-03	5.5e-03	.4181																	
rs10002459	a	g	.469	3.5e-03	3.7e-03	.34																	
rs10002461	a	c	.094	5.3e-03	8.4e-03	.5268																	
rs10002468	a	g	.028	0.0e+00	2.0e-02	.9991																	
rs10002472	a	g	.394	-4.0e-04	3.8e-03	.9157																	
rs10002477	a	g	.442	-9.0e-04	3.8e-03	.816																	
rs10002478	a	g	.283	-1.0e-02	7.5e-03	.1862																	
rs10002479	t	c	.124	-5.9e-03	5.6e-03	.2916																	
rs10002482	t	c	.034	3.0e-02	1.5e-02	.0435																	
rs10002484	t	g	.25	-2.6e-02	1.2e-02	.03564																	
rs10002492	a	g	.158	1.1e-02	5.3e-03	.03805																	
rs10002498	c	g	.196	-4.9e-03	4.7e-03	.2948																	
rs10002500	t	c	.113	-2.4e-03	5.5e-03	.6706																	
rs10002503	a	g	.136	9.7e-03	6.2e-03	.117																	
rs10002506	a	g	.35	4.5e-03	3.8e-03	.2334																	
rs1000251	t	c	.159	-1.9e-03	4.9e-03	.689																	
rs10002510	t	c	.358	4.3e-03	3.8e-03	.2566																	
rs10002511	t	c	.125	2.7e-03	6.0e-03	.6518																	
rs10002514	t	c	.2	-1.1e-03	4.4e-03	.793																	
rs10002518	a	g	.155	-2.3e-03	5.2e-03	.6521																	
rs10002519	a	g	.1	-1.0e-02	5.7e-03	.07559																	
rs10002520	t	g	.195	-1.1e-03	4.4e-03	.7937																	
rs10002521	t	c	.287	-9.4e-03	4.6e-03	.0409																	
rs10002526	a	t	.042	-5.1e-03	7.8e-03	.5161																	
rs10002528	a	t	.478	5.9e-03	3.6e-03	.1029																	
rs10002530	a	t	.466	-4.0e-03	3.8e-03	.2948																	
rs10002531	a	g	.385	1.6e-03	3.7e-03	.6595																	
rs10002534	a	g	.05	-3.2e-03	7.4e-03	.6619																	
rs10002537	c	g	.23	-4.7e-03	4.6e-03	.3042																	
rs1000254	t	c	.08	8.4e-03	7.2e-03	.2454																	
rs10002541	t	c	.347	-1.9e-03	3.8e-03	.6215																	
rs1000255	a	g	.261	-2.7e-03	4.8e-03	.5673																	
rs10002550	t	c	.205	-1.0e-04	4.2e-03	.9786																	
rs10002552	a	g	.482	3.0e-04	3.7e-03	.9457																	
rs10002557	a	g	.308	-3.6e-03	4.3e-03	.3983																	
rs1000256	a	g	.142	2.4e-03	5.5e-03	.6556																	
rs10002573	t	c	.235	-1.4e-03	4.4e-03	.7524																	
rs10002578	t	c	.158	-4.2e-03	4.6e-03	.3584																	
rs1000258	t	g	.408	2.0e-04	3.7e-03	.9474																	
rs10002581	a	g	.258	3.1e-03	4.4e-03	.4734																	
rs10002586	a	g	.044	1.1e-02	1.1e-02	.3162																	
rs10002590	a	g	.149	-3.9e-03	5.9e-03	.5057																	
rs10002595	t	c	.19	-3.8e-03	8.0e-03	.6313																	
rs10002597	t	c	.102	1.1e-03	8.2e-03	.8923																	
rs10002598	t	c	.477	7.3e-03	3.8e-03	.05525																	
rs10002604	t	g	.208	1.1e-03	4.6e-03	.815																	
rs10002607	a	g	.069	1.1e-02	8.2e-03	.1659																	
rs10002613	a	g	.155	1.2e-02	5.4e-03	.0266																	
rs10002619	a	t	.062	-3.7e-03	8.5e-03	.6624																	
rs10002625	t	c	.195	-2.1e-03	5.1e-03	.6784																	
rs10002628	t	g	.04	7.1e-03	1.1e-02	.532																	
rs10002629	a	g	.275	-3.0e-03	4.5e-03	.5127																	
rs1000263	c	g	.478	2.2e-03	3.6e-03	.5435																	
rs10002630	c	g	.208	-4.6e-03	4.6e-03	.317																	
rs10002633	c	g	.083	-4.7e-03	8.5e-03	.5808																	
rs10002639	a	g	.043	-5.9e-02	3.1e-02	.05672																	
rs1000264	a	g	.482	1.7e-03	3.7e-03	.6357																	
rs10002649	a	g	.034	1.3e-02	3.9e-02	.7445																	
rs10002657	a	g	.398	5.4e-03	3.7e-03	.1469																	
rs10002658	a	t	.336	-7.2e-03	3.8e-03	.06213																	
rs1000266	c	g	.155	2.7e-03	5.0e-03	.5883																	
rs10002662	c	g	.458	1.4e-03	3.8e-03	.7136																	
rs10002667	t	c	.248	-4.3e-03	4.6e-03	.3481																	
rs1000267	a	c	.108	3.2e-03	5.5e-03	.5652																	
rs10002686	t	c	.042	4.0e-04	9.2e-03	.9613																	
rs10002688	a	g	.32	1.6e-03	4.2e-03	.6965																	
rs1000269	a	g	.482	0.0e+00	3.6e-03	.9956																	
rs10002690	t	c	.217	-1.2e-03	5.9e-03	.8347																	
rs10002695	a	c	.115	1.0e-03	5.6e-03	.8643																	
rs10002696	c	g	.317	1.5e-03	4.0e-03	.7025																	
rs10002698	a	g	.118	-7.3e-03	7.0e-03	.2997																	
rs10002699	a	t	.45	7.0e-03	3.7e-03	.05762																	
rs1000270	t	g	.186	-2.1e-03	4.5e-03	.6407																	
rs10002703	a	g	.167	7.6e-03	4.9e-03	.1161																	
rs10002709	a	c	.375	-2.5e-03	3.9e-03	.5251																	
rs1000271	a	c	.125	1.0e-04	6.4e-03	.9935																	
rs10002713	t	c	.373	6.8e-03	3.7e-03	.06579																	
rs10002718	c	g	.125	1.4e-02	6.3e-03	.02236																	
rs10002719	t	c	.19	2.0e-03	4.3e-03	.6385																	
rs1000272	t	c	.252	-3.7e-03	4.7e-03	.4215																	
rs10002727	a	c	.115	1.4e-02	5.6e-03	.0131																	
rs10002733	a	c	.407	-2.3e-03	4.1e-03	.5622																	
rs10002743	a	g	.137	9.6e-03	4.6e-03	.03485																	
rs10002749	t	c	.042	-1.3e-02	1.3e-02	.3194																	
rs1000275	a	g	.071	-7.4e-03	6.0e-03	.2143																	
rs10002751	c	g	.283	1.1e-03	4.3e-03	.8006																	
rs10002758	t	g	.242	-4.0e-04	4.4e-03	.9359																	
rs1000276	a	g	.083	2.7e-03	5.1e-03	.5936																	
rs10002760	t	c	.257	-9.0e-04	4.8e-03	.8505																	
rs10002762	t	c	.208	3.0e-04	5.1e-03	.9571																	
rs10002765	t	g	.376	5.4e-03	3.9e-03	.1661																	
rs10002767	a	g	.052	-1.3e-02	7.1e-03	.06128																	
rs10002782	a	g	.325	2.5e-03	4.1e-03	.5388																	
rs10002784	a	t	.172	6.0e-04	5.2e-03	.9076																	
rs10002792	a	t	.033	2.7e-03	7.8e-03	.7302																	
rs10002793	t	c	.275	-5.4e-03	4.1e-03	.1866																	
rs1000280	a	g	.35	-3.2e-03	4.0e-03	.4184																	
rs10002802	t	g	.392	-2.0e-04	3.8e-03	.9654																	
rs10002804	t	c	.217	-1.4e-03	4.4e-03	.7478																	
rs10002808	c	g	.183	3.0e-03	4.6e-03	.5145																	
rs1000281	t	c	.221	1.0e-03	4.1e-03	.801																	
rs10002811	t	c	.155	9.1e-03	5.8e-03	.1134																	
rs10002814	t	c	.279	2.6e-03	4.1e-03	.5303																	
rs10002817	t	c	.133	-3.7e-03	5.7e-03	.5171																	
rs10002818	t	c	.465	8.2e-03	3.8e-03	.03072																	
rs10002821	a	t	.405	-2.6e-03	4.0e-03	.5249																	
rs10002822	t	c	.376	-1.6e-03	3.8e-03	.6802																	
rs10002827	t	c	.414	7.4e-03	3.7e-03	.04944																	
rs10002829	a	t	.094	2.4e-02	1.4e-02	.08804																	
rs10002832	a	g	.121	3.5e-03	5.5e-03	.5176																	
rs10002837	a	g	.35	-5.7e-03	4.1e-03	.1693																	
rs10002842	a	c	.217	2.4e-03	5.0e-03	.6315																	
rs10002845	t	c	.299	7.3e-03	4.2e-03	.0812																	
rs1000285	t	c	.1	6.7e-03	4.9e-03	.1701																	
rs10002854	t	c	.045	-1.0e-02	1.3e-02	.4329																	
rs10002856	a	g	.312	4.9e-03	3.9e-03	.215																	
rs1000286	t	c	.096	6.4e-03	4.9e-03	.1915																	
rs10002861	t	c	.425	9.0e-04	3.8e-03	.8173																	
rs10002865	t	c	.225	-2.2e-03	4.2e-03	.6089																	
rs10002867	t	g	.364	9.0e-04	3.7e-03	.8052																	
rs10002873	t	c	.071	3.8e-03	6.6e-03	.5635																	
rs10002875	a	g	.008	1.0e-02	3.6e-02	.783																	
rs10002880	t	c	.217	1.1e-03	4.5e-03	.8005																	
rs10002881	a	g	.392	-3.8e-03	4.0e-03	.3421																	
rs10002888	a	g	.254	1.8e-03	3.9e-03	.6471																	
rs10002890	a	g	.025	-1.1e-02	9.5e-03	.2407																	
rs10002894	a	g	.212	3.4e-03	4.1e-03	.4055																	
rs10002896	a	g	.242	-4.6e-03	4.3e-03	.2834																	
rs10002899	a	t	.05	-4.8e-03	1.1e-02	.6698																	
rs1000290	t	c	.381	4.8e-03	3.8e-03	.2034																	
rs10002900	a	t	.083	-3.9e-03	7.1e-03	.5817																	
rs10002901	a	g	.123	8.0e-03	5.0e-03	.1103																	
rs10002908	a	t	.317	-1.3e-03	4.1e-03	.7542																	
rs1000291	a	g	.412	6.0e-04	3.9e-03	.8803																	
rs10002911	a	g	.042	1.8e-03	9.4e-03	.8453																	
rs10002917	t	c	.442	-7.0e-04	3.7e-03	.8546																	
rs10002921	t	c	.442	-5.0e-04	3.9e-03	.9008																	
rs10002924	a	g	.25	7.8e-03	4.6e-03	.08539																	
rs1000293	a	g	.456	3.7e-03	3.7e-03	.3177																	
rs10002933	a	g	.212	-8.0e-04	4.6e-03	.8601																	
rs10002938	a	c	.237	-3.4e-03	4.5e-03	.4473																	
rs10002939	c	g	.009	3.0e-02	2.0e-02	.1377																	
rs1000294	a	g	.212	1.2e-03	4.8e-03	.7939																	
rs10002944	a	g	.395	-6.9e-03	6.4e-03	.2829																	
rs10002949	a	c	.078	-4.0e-03	5.0e-03	.4235																	
rs1000295	t	c	.389	-1.9e-03	3.7e-03	.6																	
rs10002954	a	g	.223	-1.0e-04	4.5e-03	.981																	
rs10002958	a	g	.456	2.9e-03	3.7e-03	.4264																	
rs10002960	t	c	.075	6.7e-03	8.0e-03	.4011																	
rs10002976	a	g	.128	8.1e-03	5.1e-03	.1096																	
rs10002979	a	g	.15	8.0e-04	5.7e-03	.8813																	
rs1000298	c	g	.2	1.0e-03	4.5e-03	.8252																	
rs10002980	a	c	.083	-9.0e-04	7.1e-03	.902																	
rs10002981	a	g	.049	-2.8e-03	8.8e-03	.7526																	
rs10002983	a	g	.212	-3.0e-03	4.3e-03	.4835																	
rs10002984	t	c	.052	2.0e-03	9.5e-03	.8344																	
rs10002985	a	g	.128	2.0e-04	6.2e-03	.9731																	
rs1000299	a	g	.075	-2.5e-03	8.2e-03	.759																	
rs10002991	a	g	.393	2.3e-03	3.7e-03	.5354																	
rs10002998	t	g	.125	3.6e-03	5.7e-03	.5223																	
rs10002999	a	g	.196	2.0e-03	4.8e-03	.6768																	
rs10003001	t	c	.208	2.8e-03	4.5e-03	.5353																	
rs1000301	a	g	.008	-1.4e-02	2.5e-02	.5599																	
rs10003014	c	g	.009	1.5e-03	1.8e-02	.9307																	
rs10003017	c	g	.175	-7.8e-03	5.3e-03	.1378																	
rs1000302	t	c	.033	-1.7e-02	9.3e-03	.07534																	
rs10003020	c	g	.108	-5.0e-04	5.7e-03	.9287																	
rs10003023	a	g	.116	1.6e-03	5.7e-03	.7851																	
rs10003025	t	c	.451	2.1e-03	3.8e-03	.5852																	
rs10003030	a	g	.208	-3.9e-03	4.6e-03	.3901																	
rs10003033	a	c	.236	1.7e-03	5.1e-03	.7429																	
rs10003037	t	c	.384	-2.6e-03	3.7e-03	.4796																	
rs10003038	t	c	.142	-1.1e-02	4.7e-03	.01724																	
rs10003039	t	c	.4	1.7e-03	3.7e-03	.6471																	
rs10003040	t	c	.255	-3.8e-03	4.6e-03	.4046																	
rs10003043	a	g	.404	1.5e-03	3.9e-03	.7076																	
rs10003046	a	g	.025	1.6e-03	1.3e-02	.9019																	
rs1000305	a	g	.059	-1.0e-02	5.9e-03	.07569																	
rs1000306	a	g	.333	-5.3e-03	3.9e-03	.1697																	
rs10003069	c	g	.408	1.5e-03	3.7e-03	.6935																	
rs10003070	a	g	.094	-1.1e-03	4.5e-03	.8115																	
rs10003073	t	g	.131	1.3e-03	6.8e-03	.8465																	
rs1000308	a	g	.062	2.4e-03	8.9e-03	.7869																	
rs10003080	a	g	.075	8.4e-03	7.8e-03	.2767																	
rs10003081	t	c	.025	-1.2e-02	1.3e-02	.3493																	
rs10003083	a	g	.017	1.3e-02	1.2e-02	.279																	
rs10003085	a	t	.017	-1.1e-02	1.1e-02	.3124																	
rs10003094	a	c	.387	4.9e-03	3.6e-03	.1801																	
rs10003100	a	g	.173	-8.3e-03	5.2e-03	.1122																	
rs10003106	a	g	.049	8.1e-03	7.9e-03	.3002																	
rs1000312	a	g	.298	9.7e-03	4.0e-03	.01708																	
rs10003121	t	c	.144	-2.7e-03	4.6e-03	.5543																	
rs1000313	a	g	.217	-6.6e-03	4.4e-03	.1312																	
rs10003136	a	g	.042	1.7e-02	1.5e-02	.2558																	
rs10003140	t	c	.146	2.0e-03	5.6e-03	.7234																	
rs10003143	a	c	.407	1.3e-03	3.7e-03	.7321																	
rs10003149	t	g	.071	3.9e-03	6.6e-03	.5574																	
rs10003156	a	c	.352	0.0e+00	3.8e-03	.9927																	
rs10003163	a	g	.084	-6.2e-03	6.0e-03	.3024																	
rs10003167	t	c	.009	5.9e-03	1.4e-02	.6627																	
rs10003169	a	g	.341	-3.7e-03	4.1e-03	.3625																	
rs1000317	t	c	.2	-2.4e-03	4.7e-03	.6047																	
rs1000318	c	g	.27	-3.6e-03	4.0e-03	.3646																	
rs10003181	t	c	.277	2.3e-03	4.0e-03	.5587																	
rs10003184	a	g	.333	-1.0e-03	3.9e-03	.7943																	
rs1000319	t	c	.457	4.1e-03	6.1e-03	.5012																	
rs10003191	a	g	.292	4.2e-03	4.0e-03	.2983																	
rs10003194	a	g	.035	-4.8e-03	9.0e-03	.5938																	
rs1000320	t	c	.473	1.9e-03	3.7e-03	.6186																	
rs10003201	c	g	.192	-2.4e-03	4.8e-03	.6152																	
rs1000321	t	g	.465	-2.0e-03	3.7e-03	.5973																	
rs10003214	t	c	.181	3.1e-03	4.7e-03	.5061																	
rs10003215	a	g	.062	-5.1e-03	7.0e-03	.4683																	
rs10003217	t	c	.205	1.2e-03	4.8e-03	.7972																	
rs1000322	a	g	.425	1.4e-03	3.8e-03	.7211																	
rs10003223	a	t	.272	2.0e-04	4.1e-03	.9702																	
rs10003224	c	g	.358	1.5e-03	3.7e-03	.6781																	
rs10003229	a	c	.261	2.4e-03	4.2e-03	.5599																	
rs1000323	a	g	.483	1.1e-03	3.8e-03	.7635																	
rs10003231	t	c	.3	-1.0e-04	3.9e-03	.9707																	
rs10003232	a	c	.102	-1.0e-03	6.2e-03	.8662																	
rs10003233	t	c	.386	5.2e-03	3.8e-03	.1775																	
rs10003241	a	g	.177	1.2e-03	5.2e-03	.8241																	
rs10003248	a	t	.045	-1.5e-03	6.6e-03	.8177																	
rs10003250	t	c	.181	-2.2e-03	4.8e-03	.6374																	
rs10003252	a	g	.115	-5.2e-03	5.6e-03	.357																	
rs10003253	a	g	.212	-7.0e-04	4.2e-03	.8665																	
rs1000326	t	g	.025	-1.3e-03	9.0e-03	.8876																	
rs10003263	t	g	.071	6.3e-03	7.3e-03	.3852																	
rs10003267	t	c	.5	-1.0e-03	3.7e-03	.7808																	
rs10003271	t	g	.053	1.0e-03	1.2e-02	.9334																	
rs10003273	c	g	.5	5.0e-04	3.6e-03	.8897																	
rs10003275	a	t	.217	2.0e-04	4.4e-03	.9714																	
rs10003276	t	c	.204	-4.1e-03	6.6e-03	.5322																	
rs1000328	a	g	.345	-1.3e-03	3.8e-03	.7342																	
rs10003280	c	g	.231	-6.0e-03	4.2e-03	.1532																	
rs10003281	t	c	.055	9.0e-04	1.1e-02	.9348																	
rs1000329	t	c	.31	3.2e-03	4.6e-03	.4959																	
rs10003290	a	c	.15	1.2e-03	5.1e-03	.8182																	
rs1000330	t	c	.332	-3.1e-03	3.9e-03	.4351																	
rs10003307	t	c	.05	2.2e-03	6.8e-03	.7448																	
rs1000331	t	c	.491	1.2e-03	3.7e-03	.7478																	
rs10003310	a	g	.017	1.5e-02	1.5e-02	.3208																	
rs10003320	a	g	.031	1.0e-02	1.6e-02	.5305																	
rs10003326	t	c	.467	-4.6e-03	3.7e-03	.2101																	
rs10003327	a	c	.106	-1.1e-02	6.7e-03	.09741																	
rs10003328	t	g	.388	-4.7e-03	3.8e-03	.2159																	
rs10003335	a	g	.027	2.3e-02	1.3e-02	.08657																	
rs10003338	t	c	.417	2.6e-03	3.9e-03	.5106																	
rs10003340	a	g	.013	-1.3e-02	1.7e-02	.4433																	
rs10003341	a	c	.042	-2.3e-03	7.5e-03	.7557																	
rs10003349	a	g	.451	-2.1e-03	3.7e-03	.5773																	
rs1000335	t	c	.186	-6.0e-03	4.9e-03	.2204																	
rs10003357	a	g	.061	-4.0e-03	8.3e-03	.6255																	
rs1000336	t	c	.226	2.6e-03	4.4e-03	.5579																	
rs10003363	a	g	.301	7.0e-04	4.2e-03	.8765																	
rs10003368	t	c	.172	-2.3e-03	4.3e-03	.586																	
rs1000337	t	c	.221	-1.6e-03	4.6e-03	.7289																	
rs10003377	c	g	.242	4.8e-03	4.1e-03	.2444																	
rs10003379	a	c	.237	-1.0e-04	3.9e-03	.9851																	
rs1000338	a	g	.217	-4.0e-04	4.6e-03	.9316																	
rs10003384	t	g	.451	5.3e-03	3.7e-03	.1574																	
rs10003386	a	g	.186	2.8e-03	4.4e-03	.5185																	
rs10003405	a	g	.358	-3.0e-04	4.0e-03	.9489																	
rs10003409	a	c	.083	1.7e-03	6.0e-03	.7795																	
rs1000341	a	c	.053	-1.0e-03	8.6e-03	.9066																	
rs10003411	t	c	.075	-5.2e-03	6.7e-03	.435																	
rs10003413	t	g	.223	-3.9e-03	4.6e-03	.3956																	
rs10003417	t	c	.017	7.4e-03	1.3e-02	.5647																	
rs10003420	a	c	.022	-5.1e-03	1.3e-02	.7054																	
rs10003426	t	c	.246	1.1e-03	4.2e-03	.7839																	
rs10003429	a	g	.078	1.3e-02	6.2e-03	.03881																	
rs10003446	t	c	.128	3.8e-03	5.6e-03	.4916																	
rs10003447	t	c	.252	-3.5e-03	4.3e-03	.4153																	
rs10003450	t	c	.127	-9.3e-03	5.2e-03	.07661																	
rs10003457	a	g	.06	1.5e-02	1.2e-02	.1994																	
rs10003459	t	g	.407	-4.0e-03	3.7e-03	.2788																	
rs10003467	t	c	.142	4.4e-03	5.1e-03	.3917																	
rs1000347	t	c	.022	-1.2e-02	9.1e-03	.1964																	
rs1000348	c	g	.398	-5.8e-03	3.8e-03	.1216																	
rs10003483	t	g	.062	1.2e-02	8.3e-03	.1559																	
rs1000349	a	g	.327	-6.2e-03	3.9e-03	.1141																	
rs10003493	a	g	.381	-3.4e-03	3.8e-03	.3681																	
rs10003496	a	g	.009	3.8e-03	2.0e-02	.849																	
rs1000350	t	c	.417	-5.8e-03	3.7e-03	.1226																	
rs10003503	t	g	.317	4.0e-04	3.8e-03	.9219																	
rs10003505	a	g	.366	-7.9e-03	3.9e-03	.04055																	
rs10003506	a	c	.075	-1.4e-02	6.0e-03	.02247																	
rs10003507	t	c	.05	6.1e-03	6.8e-03	.3758																	
rs10003515	t	c	.483	1.8e-03	3.6e-03	.6249																	
rs10003517	a	t	.035	-1.4e-02	7.0e-03	.04491																	
rs1000352	t	c	.08	6.0e-04	6.2e-03	.9174																	
rs10003522	t	c	.217	-9.0e-04	5.0e-03	.8554																	
rs10003523	a	g	.305	9.0e-03	3.7e-03	.01648																	
rs10003525	t	c	.136	-3.3e-03	5.3e-03	.5357																	
rs1000354	a	g	.221	-4.6e-03	4.2e-03	.2816																	
rs10003541	t	g	.492	-1.7e-03	5.4e-03	.7521																	
rs10003543	a	g	.102	1.8e-02	6.7e-03	.007366																	
rs10003547	t	g	.237	-1.0e-04	3.9e-03	.9782																	
rs1000355	a	t	.336	-8.0e-04	3.8e-03	.8332																	
rs10003551	t	g	.392	2.1e-03	4.0e-03	.5968																	
rs10003555	t	c	.496	-2.5e-03	3.7e-03	.4925																	
rs10003556	t	g	.186	-3.0e-03	4.9e-03	.547																	
rs10003567	t	c	.258	2.1e-03	3.8e-03	.579																	
rs10003577	c	g	.017	2.1e-02	2.5e-02	.4049																	
rs10003580	a	g	.385	1.6e-03	4.0e-03	.6942																	
rs10003584	a	g	.009	-1.6e-02	1.2e-02	.1667																	
rs10003585	t	c	.115	1.4e-03	6.2e-03	.8214																	
rs10003588	a	g	.425	2.9e-03	3.8e-03	.441																	
rs1000360	c	g	.441	1.3e-03	3.8e-03	.7398																	
rs10003605	a	g	.082	2.1e-03	8.7e-03	.8095																	
rs10003607	a	c	.188	3.7e-03	4.5e-03	.4154																	
rs10003608	a	g	.01	7.5e-03	1.1e-02	.4989																	
rs1000361	a	g	.35	3.5e-03	3.9e-03	.3678																	
rs10003614	t	c	.408	1.8e-03	3.7e-03	.6226																	
rs10003618	a	g	.05	1.3e-02	7.0e-03	.06686																	
rs10003622	c	g	.069	2.0e-04	5.5e-03	.972																	
rs10003625	a	t	.026	-6.9e-03	1.4e-02	.6307																	
rs10003626	t	g	.467	-9.0e-04	3.7e-03	.8154																	
